CREATE DATABASE pokeBase ;

/*Table Description*/
CREATE TABLE Description(
	IdDescription INTEGER PRIMARY KEY,
	Categorie varchar(255),
	Taille INTEGER,
	Poids INTEGER,
	Informations varchar(255),
	FOREIGN KEY(IdDescription) REFERENCES Pokemon(NumPokedex));
INSERT INTO Description ( Categorie, Taille, Poids, Informations) VALUES
	("Graine", 70, 6900, "Il a une étrange graine plantée sur son dos. Elle grandit avec lui depuis la naissance."),
	("Graine", 100, 13000, "Son bulbe dorsal devient si gros qu'il ne peut plus se tenir sur ses membres postérieurs."),
	("Graine", 200, 100000, "Sa plante mûrit en absorbant les rayons du soleil. Il migre souvent vers les endroits ensoleillés."),
	("Lézard", 60, 8500, "Il préfère les endroits chauds. En cas de pluie, de la vapeur se forme autour de sa queue."),
	("Flamme", 110, 19000, "En agitant sa queue, il peut élever le niveau de la température à un degré incroyable."),
	("Flamme", 170, 90500, "Il peut fondre la roche de son souffle brûlant. Il est souvent la cause d'énormes incendies."),
	("Minitortue", 50, 9000, "Son dos durcit avec l'âge et devient une super carapace. Il peut cracher des jets d'écume."),
	("Tortue", 100, 22500, "Il se cache au fond de l'eau pour guetter sa proie. Ses oreilles sont des gouvernails."),
	("Carapace", 160, 85500, "Un Pokémon brutal armé de canons hydrauliques. Ses puissants jets d'eau sont dévastateurs"),
	("Ver", 30, 2900, "Ses petites pattes sont équipées de ventouses, lui permettant de grimper aux murs."),
	("Cocon", 70, 9900, "Il est vulnérable aux attaques tant que sa carapace fragile expose son corps tendre et mou."),
	("Papillon",110, 32000, "En combat il bat des ailes très rapidement pour jeter sur ses ennemis des poudres toxiques."),
	("Insectopic", 30, 3200, "Il se nourrit de feuilles dans les forêts. L'aiguillon sur son front est empoisonné."),
	("Cocon", 60, 10000, "Incapable de se déplacer de lui-même, il se défend en durcissant sa carapace"),
	("Guêpoison", 100, 29500, "Il vole à très grande vitesse. Il se bat avec les dards empoisonnés de ses bras."),
	("Minoiseau", 30, 1800, "Il est souvent vu dans les forêts. Il brasse l'air de ses ailes près du sol pour projeter du sable."),
	("Oiseau", 110, 30000, "Il protège son territoire avec ardeur et repousse à coups de bec tout intrus."),
	("Oiseau", 150, 39500, "Il chasse en survolant la surface de l'eau et en plongeant pour attraper des proies faciles."),
	("Souris", 30, 3500, "Sa morsure est très puissante. Petit et rapide, on en voit un peu partout."),
	("Souris", 70, 18500, "Si ses moustaches sont coupées, il perds le sens de son équilibre et devient moins rapide."),
	("Minoiseau", 30, 2000, "Il chasse les insectes dans les hautes-herbes. Ses petites ailes lui permettent de voler très vite."),
	("Bec-Oiseau", 120, 38000, "Ses ailes géantes lui permettent de planer si longtemps qu'il ne se pose que très rarement."),
	("Serpent", 200, 6900, "Il se déplace en silence pour dévorer des œufs de Roucool ou de Piafabec."),
	("Cobra", 350, 65000, "Les motifs féroces peints sur son corps changent selon son environnement."),
	("Souris", 40, 6000, "Quand plusieurs de ces Pokémon se réunissent, ils provoquent de gigantesques orages"),
	("Souris", 80, 30000, "Il doit garder sa queue en contact avec le sol pour éviter toute électrocution."),
	("Souris", 60, 12000, "Il s'enterre dans les régions arides et désertiques. Il émerge seulement pour chasser."),
	("Souris", 100,29500, "Il se roule en boule hérissée de piques s'il est menacé. Il peut ainsi s'enfuir ou attaquer."),
	("Vénépic",40,7000,"Ce Pokémon est hérissé de dards empoisonnés. Les femelles ont des dards plus petits."),
	("Vénépic",80,20000,"La corne de la femelle grandit lentement. Elle préfère attaquer avec ses griffes et sa gueule."),
	("Perceur",130,60000,"Ses écailles très résistantes et son corps massif sont des armes dévastatrices."),
	("Vénépic",50,9000,"Son ouïe très fine l'avertit du danger. Plus ses cornes sont grandes, plus son poison est mortel."),
	("Vénépic",90,19500,"Très agressif, il est prompt à répondre à la violence. La corne sur sa tête est venimeuse."),
	("Perceur",140,62000,"Sa queue est une arme redoutable, il s'en sert pour attraper sa proie et lui broyer les os."),
	("Fée",60,7500,"Très recherché pour son aura mystique, il est très rare et ne vit que dans des endroits précis."),
	("Fée",130,40000,"Une sorte de petite fée très rare. Il se cache en apercevant un être humain."),
	("Renard",60,9900,"Il n'a qu'une seule queue à la naissance. Celle-ci se divise à la pointe au fil des ans."),
	("Renard",110,19900,"Très intelligent et rancunier. Attrapez-lui une de ses queues et il vous maudira pour 1000 ans."),
	("Bouboule",50,5500,"Quand ses yeux s'illuminent, il chante une mystérieuse berceuse."),
	("Bouboule",100,12000,"En cas de danger, il gonfle d'air son corps doux et potelé dans des proportions gigantesques."),
	("Chovsouris",80,7500,"Se déplace en colonie dans les endroits sombres. Il s'oriente grâce aux ultrasons."),
	("Chovsouris",160,55000,"Une fois son adversaire mordu, il absorbera son énergie même s'il est trop gros pour voler."),
	("Racine", 50, 5400, "Pendant la journée il se cache sous la terre. Il s'aventure la nuit pour planter des graines."),
	("Racine", 80, 8600, "Le liquide qui coule de sa bouche est comestible. Il sert à appâter sa proie."),
	("Fleur", 120, 18600, "Plus ses pétales son grands, plus ils contiennent de pollen toxique."),
	("Champignon", 30, 5400, "Les champignons sur son dos se nourrissent des nutriments de leur hôte insectoïde."),
	("Champignon", 100, 29500, "Une symbiose entre un parasite et un insecte. Le champignon a pris le contrôle de son hôte."),
	("Vermine", 100, 30000, "Il vit a l'ombre des grands arbres où il mange des insectes. il est attiré par la lumière."),
	("Papipoison", 150, 12500, "Les motifs ocres de ses ailes changent en fonction de son type de poison."),
	("Taupe", 20, 800, "Il vit a un mètre sous la terre et se nourrit de racines. Il apparaît rarement à la surface."),
	("Taupe", 70, 33300, "Un groupe de Taupiqueur. Il crée des séismes en creusant à plus de 100 Km de profondeur."),
	("Chadégout", 40, 4200, "Il adore les pièces de monnaie. Il hante les rues à la recherche de pièces oubliées par les passants."),
	("Chadeville", 100, 32000, "Très apprécié pour sa fourrure, il est difficile à apprivoiser en raison de son caractère rétif."),
	("Canard", 80, 19600, "Il distrait ses ennemis avec des grimaces débiles et les attaque ensuite avec ses pouvoirs Psy."),
	("Canard", 170, 76600, "Il nage avec élégance le long des cotes. Il est souvent confondu avec le monstre japonais: Kappa."),
	("Porsinge", 50, 28000, "Il se met en colère très vite. Calme ou furieux, son humeur change d'une seconde à l'autre."),
	("Porsinge", 100, 32000, "Agressif et teigneux, il poursuit son gibier jusqu'à épuisement complet."),
	("Chiot", 70, 19000, "Pour protéger son territoire, il aboie et mord jusqu'à ce que les intrus s'enfuient."),
	("Légendaire", 190, 155000, "Un Pokémon très recherché pour sa grâce légendaire. Son pas élégant semble glisser sur le vent."),
	("Têtard", 60, 12400, "Il court mal avec ses petites pattes. Il préfère nager que de se tenir debout."),
	("Têtard", 100, 20000, "Amphibie, il peut vivre à l'air libre mais il doit rester mouillé pour survivre."),
	("Têtard", 130, 54000, "Excellent nageur, il pratique le crawl ou la nage papillon mieux qu'un champion olympique."),
	("Psy", 90, 19500, "Son don de télépathie lui permet de sentir le danger et de se téléporter en un lieu sûr."),
	("Psy", 130, 56500, "Son corps émet des ondes alpha provoquant des migraines à ceux qui se trouvent à proximité."),
	("Psy", 150, 48000, "Son super cerveau peut effectuer des opérations à la vitesse d'un ordinateur. Il a un Q.I. de 5000."),
	("Colosse", 80, 19500, "Il adore la musculation. Il pratique les arts martiaux pour devenir encore plus fort."),
	("Colosse", 150, 70500, "Son corps est si puissant qu'il lui faut une ceinture de force pour équilibrer ses mouvements."),
	("Colosse", 160, 130000, "Ses coups de poings sont si puissants qu'ils font voler ses adversaires jusqu'à l'horizon."),
	("Fleur", 70, 4000, "Un Pokémon carnivore qui se nourrit de petits insectes. Ses racines servent d'attaches."),
	("Carnivore", 100, 6400, "Il crache de la Poudre Toxik pour immobiliser sa proie et il l'achève avec de l'Acide."),
	("Carnivore", 170, 15500, "Il vit en colonie dans la jungle mais personne n'en est jamais revenu vivant."),
	("Mollusque", 90, 45500, "Flottant au bord des cotes, les pêcheurs se font souvent arroser d'acide quand ils en accrochent un."),
	("Mollusque", 160, 55000, "Ses tentacules sont rétractées au repos. En situation de chasse, ils rallongent."),
	("Roche", 40, 20000, "Il vit dans les plaines ou les montagnes. On le confond souvent avec un petit caillou."),
	("Roche", 100, 105000, "Pour se déplacer il dégringole le long des pentes. Il pulvérise tout obstacle sur son passage."),
	("Titanesque", 140, 300000, "Son corps de pierre est indestructible. Il peut supporter des explosions de dynamite."),
	("Cheval Feu", 100, 30000, "Ses sabots sont plus résistants que le diamant. Il peut aplatir n'importe quoi en le piétinant."),
	("Cheval Feu", 170, 95000, "Doté d'un esprit de compétition, il poursuit toute créature rapide pour faire la course."),
	("Crétin", 120, 36000, "Très lent et endormi, il lui faut 5 secondes pour ressentir la douleur d'une attaque."),
	("Symbiose", 160, 78500, "Le Kokiyas attaché à la queue du Ramoloss se nourrit des restes de son hôte."),
	("Magnétique", 30, 6000, "Il contrôle la gravité pour pouvoir voler. il attaque avec des Cage-Éclair."),
	("Magnétique", 100, 60000, "Constitué de Magnéti reliés les uns aux autres, il apparaît lorsque le soleil brille."),
	("Canard Fou", 80, 15000, "Il utilise l'oignon qu'il a dans la bouche comme une épée d'acier."),
	("Duoiseau", 140, 39200, "Cet oiseau vole très mal mais court très vite. Il laisse de gigantesques empreintes de pas."),
	("Trioiseau", 180, 85200, "Il élabore des plans complexes avec ses trois cerveaux. Une de ses têtes reste toujours éveillée."),
	("Otarie", 110, 90000, "La corne sur son front est très résistante. Elle lui sert à percer des blocs de glace."),
	("Otarie", 170, 120000, "Il emmagasine la chaleur dans son corps. Il peut nager dans l'eau glacée à plus de 8 nœuds."),
	("Dégueu",90,30000,"Vivant dans des tas d'ordure, il se nourrit des déchets polluants rejetés par les usines."),
	("Dégueu",120,30000,"Il est recouvert d'une épaisse couche toxique. Il laisse une trace empoisonnée derrière lui."),
	("Bivalve", 30, 4000, "Protégé par une carapace très résistante, il est vulnérable quand celle-ci s'ouvre."),
	("Bivalve",150, 132500,"Une fois menacé, il envoie de rapides volées de dards. Sa partie interne est inconnue."),
	("Gaz", 130, 100,"Ce Pokémon gazeux plonge ses victimes dans un profond sommeil sans qu'elles ne s'en aperçoivent."),
	("Gaz",160, 100, "Il peut se glisser à travers les murs comme une créature d'une autre dimension."),
	("Ombre",150,40500,"Les nuits de pleine lune, il imite l'ombre des passants et se moque de leur effroi."),
	("Serpenroc",880,210000,"Les parties en pierre de son corps durcissent pour devenir comme un diamant de couleur noire."),
	("Hypnose",100,32400,"Il endort ses ennemis et dévore leurs songes. En mangeant de mauvais rêves il devient malade."),
	("Hypnose",160,75600,"En fixant son adversaire, il l'assaille avec les attaques psy d'hypnose et de Choc Mental."),
	("Doux Crabe",40,6500,"Ses pinces sont des armes très puissantes. Elles lui servent aussi à garder son équilibre."),
	("Pince",130,60000,"Son énorme pince peut déployer une pression de 1000 Kg. Mais elle est très encombrante."),
	("Balle",50,10400,"Vivant dans les centrales, ce Pokémon survolté est souvent confondu avec une Poké Ball."),
	("Balle",120,66600,"Il emmagasine des quantités énormes de courants électrique sous pression pouvant exploser."),
	("Œuf", 40, 2500, "Souvent pris pour des Œufs, ils attaquent en groupe comme un essaim."),
	("Fruitpalme", 200, 120000, "On raconte que si une de ses têtes se détache, elle se transforme en Noeunoeuf."),
	("Solitaire", 40, 6500, "Il ne retire jamais son casque en os. Personne n'a jamais vu son vrai visage."),
	("Gard'Os", 100, 45000, "L'os qu'il tient dans sa main est une arme. Il peut le lancer avec adresse pour assommer sa proie."),
	("Latteur", 150, 49800, "S'il est pressé, ses jambes s'allongent progressivement. Il court très rapidement."),
	("Puncheur", 140, 50200, "Il distribue des séries de coups de poings rapide comme l'éclair, invisibles à l'œil nu."),
	("Lécheur", 120, 65500, "Il peut projeter sa langue comme un caméléon. Tout contact avec elle produit une irritation."),
	("Gaz Mortel", 60, 1000, "Son corps instable constitué de gaz toxiques peut exploser soudainement."),
	("Gaz Mortel", 120, 9500, "Deux Smogo peuvent se combiner en un seul Smogogo en mélangeant leur gaz."),
	("Piquant", 100, 115000, "Avec une ossature 1000 fois plus résistante que celle de l'homme, ses charges sont dévastatrices."),
	("Perceur", 190, 120000, "Son épiderme très élevé lui permet de survivre dans un environnement de plus de 3600 degrés."),
	("Œuf", 110, 34600, "Un Pokémon rare et difficile à capturer qui porte chance et bien-être à son possesseur."),
	("Vigne", 100, 35000, "Son corps est recouvert de lianes similaires à des algues. Elles bougent quand il marche."),
	("Maternel", 220, 80000, "Son enfant ne quitte la poche ventrale protectrice qu'à l'âge de 3 ans."),
	("Dragon", 40, 8000, "Réputé pour tirer avec précision sur des insectes volants à la surface de l'eau."),
	("Dragon", 120, 25000, "Il peut nager à l'envers en agitant ses petites nageoire pectorales."),
	("Poisson", 60, 15000, "Sa queue ondule gracieusement comme un voile. On l'appelle Reine des océans."),
	("Poisson", 130, 39000, "Pendant la saison des amours on peut le voir nager près des rivières ou des lacs."),
	("Étoile", 80, 34500, "Un Pokémon bien curieux qui peut régénérer ses appendices sectionnés pendant un combat."),
	("Mystérieux", 110, 80000, "Son cœur brille des couleurs de l'arc-en-ciel. On dit que c'est une pierre précieuse."),
	("Bloqueur", 130, 54500, "Dérangez le pendant qu'il mime, et il vous distribuera une volée de claques."),
	("Mante", 150, 56000, "Rapide et agile comme un ninja, il se déplace si vite qu'il crée l'illusion d'être en groupe."),
	("Humanoïde", 140, 40600, "Il ondule ses hanches en marchant et entraine les gens dans des danses frénétiques."),
	("Électrique", 110, 30000, "Vivant dans les centrales, il provoque des pannes de courant en s'aventurant en ville."),
	("Crache-feu", 130, 44500, "Son corps en fusion brûle d'une flamme orangée le rendant invisible dans le feu."),
	("Scarabée", 150, 55000, "Quand il ne peut écraser sa proie avec sa pince, il la secoue et l'envoie dans les airs."),
	("Buffle", 140, 88400, "Une fois sa cible en vue, il la charge furieusement en fouettant l'air de sa queue."),
	("Poisson", 90, 10000, "Autrefois, il était beaucoup plus puissant que cette créature minablement faible."),
	("Terrifiant", 650, 235000, "Gigantesque et maléfique, il est capable de raser une ville entière dans un accès de rage."),
	("Transport", 250, 220000, "Ce Pokémon en voie d'extinction peut transporter des passagers sur son dos par-delà les océans."),
	("Morphing", 30, 4000, "Il est capable de copier le code génétique d'un ennemi pour se transformer en son double."),
	("Évolutif", 30, 6500, "Ce mystérieux Pokémon peut évoluer de différentes façons grâce à des pierres."),
	("Bulleur", 100, 29000, "Il vit au bord de l'eau. Sa queue lui donne l'apparence d'une sirène."),
	("Orage", 80, 24500, "Il se charge d'électricité statique pour envoyer des décharges de 1000 volts."),
	("Flamme", 90, 25000, "Il peut accumuler suffisamment de chaleur pour atteindre des températures de 1 600 degrés."),
	("Virtuel", 80, 36500, "Un Pokémon fait de programmes et d'algorithmes. Il peut survivre en milieu virtuel."),
	("Spirale", 40, 7500, "Disparu depuis longtemps,il peut être réanimé génétiquement à partir d'anciens fossiles."),
	("Spirale", 100, 35000, "Un Pokémon préhistorique qui disparut quand sa coquille devint trop lourde à déplacer."),
	("Carapace", 50, 11500, "Un Pokémon reconstitué à partir d'un fossile trouvé sur un site préhistorique."),
	("Carapace", 130, 40500, "Sa forme élancée lui permet de nager rapidement. Il lacère sa proie avant d'en absorber la vie."),
	("Fossile", 180, 59000, "Un Pokémon préhistorique qui attaque son ennemi à la gorge avec ses crocs acérés."),
	("Pionceur", 210, 460000, "Très paresseux, il ne fait que manger et dormir. Plus il est gros, plus il devient fainéant."),
	("Glaciaire",170,55400,"Le légendaire oiseau des glaces. On dit qu'il apparaît aux gens perdus dans les sommets."),
	("Électrique",160,52600,"L'oiseau légendaire de la foudre. Il surgit hors des nuages en lançant d'énormes éclairs."),
	("Flamme",200,60000,"Le légendaire oiseau de feu. Une pluie de flammes surgit à chaque battement de ses ailes."),
	("Dragon",180,3300,"Longtemps considéré comme légendaire, une colonie fut découverte dans les océans."),
	("Dragon",400,16500,"Un Pokémon légendaire plein de charme. Il peut contrôler les variations climatiques."),
	("Dragon",220,210000,"Un Pokémon marin extrêmement rare. On dit qu'il est aussi intelligent que l'homme."),
	("Génétique",200,122000,"Il est le fruit de nombreuses expériences génétiques horribles et malsaines."),
	("Nouveau",40,4000,"Unique et rare, son existence est remise en cause par les experts. Peu nombreux sont ceux qui l'ont vu.");

/*Table Stats*/
CREATE TABLE Stats(
	IdStats INTEGER PRIMARY KEY,
	PV INTEGER,
	ATK INTEGER,
	DEF INTEGER,
	ATKSPE INTEGER,
	DEFSPE INTEGER,
	VIT INTEGER);

INSERT INTO Stats (IdStats, PV, ATK, DEF, ATKSPE, DEFSPE, VIT) VALUES
	(1, 45, 49, 49, 65, 65, 45),
	(2, 60, 62, 63, 80, 80, 60),
	(3, 80, 82, 83, 100, 100, 80),
	(4, 39, 52, 43, 60, 50, 65),
	(5, 58, 64, 58, 80, 65, 80),
	(6, 78, 84, 78, 109, 85, 100),
	(7, 44, 48, 65, 50, 64, 43),
	(8, 59, 63, 80, 65, 80, 58),
	(9, 79, 83, 100, 85, 105, 78),
	(10, 45, 30, 35, 20, 20, 45),
	(11, 50, 20, 55, 25, 25, 30),
	(12, 60, 45, 50, 80, 80, 70),
	(13, 40, 35, 30, 20, 20, 50),
	(14, 45, 25, 50, 25, 25, 35),
	(15, 65, 80, 40, 45, 80, 75),
	(16, 40, 45, 40, 35, 35, 56),
	(17, 63, 60, 55, 50, 50, 71),
	(18, 83, 80, 75, 70, 70, 91),
	(19, 30, 56, 35, 25, 35, 72),
	(20, 55, 81, 60, 50, 70, 97),
	(21, 40, 60, 30, 31, 31, 70),
	(22, 65, 90, 65, 61, 61, 100),
	(23, 35, 60, 44, 40, 54, 55),
	(24, 60, 85, 69, 65, 79, 80),
	(25, 35, 55, 30, 50, 40, 90),
	(26, 60, 90, 55, 90, 80, 100),
	(27, 50, 75, 85, 20, 30, 40),
	(28, 75, 100, 110, 45, 55, 65),
	(29, 55, 47, 52, 40, 40, 41),
	(30, 70, 62, 67, 55, 55, 56),
	(31, 90, 82, 87, 75, 85, 76),
	(32, 46, 57, 40, 40, 40, 50),
	(33, 61, 72, 57, 55, 55, 65),
	(34, 81, 92, 77, 85, 75, 85),
	(35, 70, 45, 48, 60, 65, 35),
	(36, 95, 70, 73, 85, 90, 60),
	(37, 38, 41, 40, 50, 65, 65),
	(38, 73, 76, 75, 81, 100, 100),
	(39, 115, 45, 20, 45, 25, 20),
	(40, 140, 70, 45, 75, 50, 45),
	(41, 40, 45, 35, 30, 40, 55),
	(42, 75, 80, 70, 65, 75, 90),
	(43, 45, 50, 55, 75, 65, 30),
	(44, 60, 65, 70, 85, 75, 40),
	(45, 75, 80, 85, 100, 90, 50),
	(46, 35, 70, 55, 45, 55, 25),
	(47, 60, 95, 80, 60, 80, 30),
	(48, 60, 55, 50, 40, 55, 45),
	(49, 70, 65, 60, 90, 75, 90),
	(50, 10, 55, 25, 35, 45, 95),
	(51, 35, 80, 50, 50, 70, 120),
	(52, 40, 45, 35, 40, 40, 90),
	(53, 65, 70, 60, 65, 65, 115),
	(54, 50, 52, 48, 65, 50, 55),
	(55, 80, 82, 78, 95, 80, 85),
	(56, 40, 80, 35, 35, 45, 70),
	(57, 65, 105, 60, 60, 70, 95),
	(58, 55, 70, 45, 70, 50, 60),
	(59, 90, 110, 80, 100, 80, 95),
	(60, 40, 50, 40, 40, 40, 90),
	(61, 65, 65, 65, 50, 50, 90),
	(62, 90, 85, 95, 70, 90, 70),
	(63, 25, 20, 15, 105, 55, 90),
	(64, 40, 35, 30, 120, 70, 105),
	(65, 55, 50, 45, 135, 85, 120),
	(66, 70, 80, 50, 35, 35, 35),
	(67, 80, 100, 70, 50, 60, 45),
	(68, 90, 130, 80, 65, 85, 55)
	(69, 50, 75, 35, 70, 30, 40),
	(70, 65, 90, 50, 85, 45, 55),
	(71, 80, 105, 65, 100, 60, 70),
	(72, 40, 40, 35, 50, 100, 70),
	(73, 80, 70, 65, 80, 120, 100),
	(74, 40, 80, 100, 30, 30, 20),
	(75, 55, 95, 115, 45, 45, 35),
	(76, 80, 110, 130, 55, 65, 45),
	(77, 50, 85, 55, 65, 65, 90),
	(78, 65, 100, 70, 80, 80, 105),
	(79, 90, 65, 65, 40, 40, 15),
	(80, 95, 75, 110, 100, 80, 30),
	(81, 25, 35, 70, 95, 55, 45),
	(82, 50, 60, 95, 120, 70, 70),
	(83, 52, 65, 55, 58, 62, 60),
	(84, 35, 85, 45, 35, 35, 75),
	(85, 60, 110, 70, 60, 60, 100),
	(86, 65, 45, 55, 45, 70, 45),
	(87, 90, 70, 80, 70, 95, 70),
	(88, 80, 80, 50, 40, 50, 25),
	(89, 105, 105, 75, 65, 100, 50),
	(90, 30, 65, 100, 45, 25, 40),
	(91, 50, 95, 180, 85, 45, 70),
	(92, 30, 35, 30, 100, 35, 80),
	(93, 45, 50, 45, 115, 55, 95),
	(94, 60, 65, 60, 130, 75, 110),
	(95, 35, 45, 160, 30, 45, 70),
	(96, 60, 48, 45, 43, 90, 42),
	(97, 85, 73, 70, 73, 115, 67),
	(98, 30, 105, 90, 25, 25, 50),
	(99, 55, 130, 115, 50, 50, 75),
	(100, 40, 30, 50, 55, 55, 100),
	(101, 60, 50, 70, 80, 80, 140),
	(102, 60, 40, 80, 60, 45, 40),
	(103, 95, 95, 85, 125, 65, 55),
	(104, 50, 50, 95, 40, 50, 35),
	(105, 60, 80, 110, 50, 80, 45),
	(106, 50, 120, 53, 35, 110, 87),
	(107, 50, 105, 79, 35, 110, 76),
	(108, 90, 55, 75, 60, 75, 30),
	(109, 40, 65, 95, 60, 45, 35),
	(110, 65, 90, 120, 85, 70, 60),
	(111, 80, 85, 95, 30, 30, 25),
	(112, 105, 130, 120, 45, 45, 40),
	(113, 250, 5, 5, 35, 105, 50),
	(114, 65, 55, 115, 100, 40, 60),
	(115, 105, 95, 80, 40, 80, 90),
	(116, 30, 40, 70, 70, 25, 60),
	(117, 55, 65, 95, 95, 45, 85),
	(118, 45, 67, 60, 35, 50, 63),
	(119, 80, 92, 65, 65, 80, 68),
	(120, 30, 45, 55, 70, 55, 85),
	(121, 60, 75, 85, 100, 85, 115),
	(122, 40, 45, 65, 100, 120, 90),
	(123, 70, 110, 80, 55, 80, 105),
	(124, 65, 50, 35, 115, 95, 95),
	(125, 65, 83, 57, 95, 85, 105),
	(126, 65, 95, 57, 100, 85, 93),
	(127, 65, 125, 100, 55, 70, 85),
	(128, 75, 100, 95, 40, 70, 110),
	(129, 20, 10, 55, 15, 20, 80),
	(130, 95, 125, 79, 60, 100, 81),
	(131, 130, 85, 80, 85, 95, 60),
	(132, 48, 48, 48, 48, 48, 48),
	(133, 55, 55, 50, 45, 65, 55),
	(134, 130, 65, 60, 110, 95, 65),
	(135, 65, 65, 60, 110, 95, 130),
	(136, 65, 130, 60, 95, 110, 65),
	(137, 65, 60, 70, 85, 75, 40),
	(138, 35, 40, 100, 90, 55, 35),
	(139, 70, 60, 125, 115, 70, 55),
	(140, 30, 80, 90, 55, 45, 55),
	(141, 60, 115, 105, 65, 70, 80),
	(142, 80, 105, 65, 60, 75, 130),
	(143, 160, 110, 65, 65, 110, 30),
	(144, 90, 85, 100, 95, 125, 85),
	(145, 90, 90, 85, 125, 90, 100),
	(146, 90, 100, 90, 125, 85, 90),
	(147, 41, 64, 45, 50, 50, 50),
	(148, 61, 84, 65, 70, 70, 70),
	(149, 91, 134, 95, 100, 100, 80),
	(150, 106, 110, 90, 154, 90, 130),
	(151, 100, 100, 100, 100, 100, 100);

/*Table Pokemon*/
CREATE TABLE Pokemon(
	NumPokedex INTEGER PRIMARY KEY,
	Nom varchar(255),
	Type1 INTEGER,
	Type2 INTEGER,
	FOREIGN KEY(Type1) REFERENCES Types(IdType),
	FOREIGN KEY(Type2) REFERENCES Types(IdType));

INSERT INTO Pokemon(NumPokedex, Nom, Type1, Type2) VALUES
	(  1, 'Bulbizarre',	9,	10),
	(  2, 'Herbizarre',	9,	10),
	(  3, 'Florizarre',	9,	10),
	(  4, 'Salameche',	5,	null),
	(  5, 'Reptincel',	5,	null),
	(  6, 'Dracaufeu',	5,	15),
	(  7, 'Carapuce',	3,	null),
	(  8, 'Carabaffe',	3,	null),
	(  9, 'Tortank',	3,	null),
	( 10, 'Chenipan',	7,	null),
	( 11, 'Chrysacier',	7,	null),
	( 12, 'Papilusion',	7,	15),
	( 13, 'Aspicot',	7,	10),
	( 14, 'Coconfort',	7,	10),
	( 15, 'Dardargnan',	7,	10),
	( 16, 'Roucool',	8,	15),
	( 17, 'Roucoups',	8,	15),
	( 18, 'Roucarnage',	8,	15),
	( 19, 'Rattata',	8,	null),
	( 20, 'Rattatac',	8,	null),
	( 21, 'Piafabec',	8,	15),
	( 22, 'Rapasdepic',	8,	15),
	( 23, 'Abo',		10,	null),
	( 24, 'Arbok',		10,	null),
	( 25, 'Pikachu',	4,	null),
	( 26, 'Raichu',		4,	null),
	( 27, 'Sabelette',	13,	null),
	( 28, 'Sablaireau',	13,	null),
	( 29, 'NidoranF',	10,	null),
	( 30, 'Nidorina',	10,	null),
	( 31, 'Nidoqueen',	10,	13),
	( 32, 'NidoranM',	10,	null),
	( 33, 'Nidorino',	10,	null),
	( 34, 'Nidoking',	10,	13),
	( 35, 'Melofee',	8,	null),
	( 36, 'Melodelfe',	8,	null),
	( 37, 'Goupix',		5,	null),
	( 38, 'Feunard',	5,	null),
	( 39, 'Rondoudou',	8,	null),
	( 40, 'Grodoudou',	8,	null),
	( 41, 'Nosferapti',	10,	15),
	( 42, 'Nosferalto',	10,	15),
	( 43, 'Mystherbe',	9,	10),
	( 44, 'Ortide',		9,	10),
	( 45, 'Rafflesia',	9,	10),
	( 46, 'Paras',		7,	9),
	( 47, 'Parasect',	7,	9),
	( 48, 'Mimitoss',	7,	10),
	( 49, 'Aeromite',	7,	10),
	( 50, 'Taupiqueur',	13,	null),
	( 51, 'Triopikeur',	13,	null),
	( 52, 'Miaouss',	8,	null),
	( 53, 'Persian',	8,	null),
	( 54, 'Psykokwak',	3,	null),
	( 55, 'Akwakwak',	3,	null),
	( 56, 'Ferosinge',	1,	null),
	( 57, 'Colossinge',	1,	null),
	( 58, 'Caninos',	5,	null),
	( 59, 'Arcanin',	5,	null),
	( 60, 'Ptitard',	3,	null),
	( 61, 'Tetarte',	3,	null),
	( 62, 'Tartard',	3,	1),
	( 63, 'Abra',		11,	null),
	( 64, 'Kadabra',	11,	null),
	( 65, 'Alakazam',	11,	null),
	( 66, 'Machoc',		1,	null),
	( 67, 'Machopeur',	1,	null),
	( 68, 'Mackogneur',	1,	null),
	( 69, 'Chetiflor',	9,	10),
	( 70, 'Boustiflor',	9,	10),
	( 71, 'Empiflor',	9,	10),
	( 72, 'Tentacool',	3,	10),
	( 73, 'Tentacruel',	3,	10),
	( 74, 'Racaillou',	12,	13),
	( 75, 'Gravalanch',	12,	13),
	( 76, 'Grolem',		12,	13),
	( 77, 'Ponyta',		5,	null),
	( 78, 'Galopa',		5,	null),
	( 79, 'Ramoloss',	3,	11),
	( 80, 'Flagadoss',	3,	11),
	( 81, 'Magneti',	4,	null),
	( 82, 'Magneton',	4,	null),
	( 83, 'Canarticho',	8,	15),
	( 84, 'Doduo',		8,	15),
	( 85, 'Dodrio',		8,	15),
	( 86, 'Otaria',		3,	null),
	( 87, 'Lamantine',	3,	6),
	( 88, 'Tadmorv',	10,	null),
	( 89, 'Grotadmorv',	10,	null),
	( 90, 'Kokiyas',	3,	null),
	( 91, 'Crustabri',	3,	6),
	( 92, 'Fantominus',	14,	10),
	( 93, 'Spectrum',	14,	10),
	( 94, 'Ectoplasma',	14,	10),
	( 95, 'Onix',		12,	13),
	( 96, 'Soporifik',	11,	null),
	( 97, 'Hypnomade',	11,	null),
	( 98, 'Krabby',		3,	null),
	( 99, 'Krabboss',	3,	null),
	(100, 'Voltorbe',	4,	null),
	(101, 'Electrode',	4,	null),
	(102, 'Noeunoeuf',	9,	11),
	(103, 'Noadkoko',	9,	11),
	(104, 'Osselait',	13,	null),
	(105, 'Ossatueur',	13,	null),
	(106, 'Kicklee',	1,	null),
	(107, 'Tygnon',		1,	null),
	(108, 'Excelangue',	8,	null),
	(109, 'Smogo',		10,	null),
	(110, 'Smogogo',	10,	null),
	(111, 'Rhinocorne',	13,	12),
	(112, 'Rhinoferos',	13,	12),
	(113, 'Leveinard',	8,	null),
	(114, 'Saquedeneu',	9,	null),
	(115, 'Kangourex',	8,	null),
	(116, 'Hypotrempe',	3,	null),
	(117, 'Hypocean',	3,	null),
	(118, 'Poissirene',	3,	null),
	(119, 'Poissoroy',	3,	null),
	(120, 'Stari',		3,	null),
	(121, 'Staross',	3,	11),
	(122, 'M. Mime',	11,	null),
	(123, 'Insecateur',	7,	15),
	(124, 'Lippoutou',	6,	11),
	(125, 'Elektek',	4,	null),
	(126, 'Magmar',		5,	null),
	(127, 'Scarabrute',	7,	null),
	(128, 'Tauros',		8,	null),
	(129, 'Magicarpe',	3,	null),
	(130, 'Leviator',	3,	15),
	(131, 'Lokhlass',	3,	6),
	(132, 'Metamorph',	8,	null),
	(133, 'Evoli',		8,	null),
	(134, 'Aquali',		3,	null),
	(135, 'Voltali',	4,	null),
	(136, 'Pyroli',		5,	null),
	(137, 'Porygon',	8,	null),
	(138, 'Amonita',	12,	3),
	(139, 'Amonistar',	12,	3),
	(140, 'Kabuto',		12,	3),
	(141, 'Kabutops',	12,	3),
	(142, 'Ptera',		12,	15),
	(143, 'Ronflex',	8,	null),
	(144, 'Artikodin',	6,	15),
	(145, 'Electhor',	4,	15),
	(146, 'Sulfura',	5,	15),
	(147, 'Minidraco',	2,	null),
	(148, 'Draco',		2,	null),
	(149, 'Dracolosse',	2,	15),
	(150, 'Mewtwo',		11,	null),
	(151, 'Mew',		11,	null);

/*Table Types*/
CREATE TABLE Types(
	IdType INTEGER PRIMARY KEY,
	Nom varchar(255));

INSERT INTO Types (IdType, Nom) VALUES 
	(  1, 'Combat'),
	(  2, 'Dragon'),
	(  3, 'Eau'),
	(  4, 'Electrique'),
	(  5, 'Feu'),
	(  6, 'Glace'),
	(  7, 'Insecte'),
	(  8, 'Normal'),
	(  9, 'Plante'),
	( 10, 'Poison'),
	( 11, 'Psy'),
	( 12, 'Roche'),
	( 13, 'Sol'),
	( 14, 'Spectre'),
	( 15, 'Vol');

/*Table FaiblesseType*/
CREATE TABLE FaiblesseType(
	IdType INTEGER,
	IdFaiblesse INTEGER,
	PRIMARY KEY(IdType,IdFaiblesse),
	FOREIGN KEY(IdType) REFERENCES Types(IdType),
	FOREIGN KEY(IdFaiblesse) REFERENCES Types(IdTypes));

INSERT INTO FaiblesseType(IdType,IdFaiblesse) VALUES
	(8,	1),
	(5,	3),
	(5,	13),
	(5,	12),
	(3,	9),
	(3,	4),
	(9,	5),
	(9,	6),
	(9,	10),
	(9,	15),
	(9,	7),
	(4,	13),
	(6,	5),
	(6,	1),
	(6,	12),
	(1,	15),
	(1,	11),
	(10,13),
	(10,11),
	(13,3),
	(13,9),
	(13,6),
	(15,4),
	(15,6),
	(15,12),
	(11,7),
	(11,14),
	(7,	5),
	(7,	15),
	(7,	12),
	(12,3),
	(12,9),
	(12,1),
	(12,13),
	(14,14),
	(2,	2),
	(2,	6);

/*Table ResistanceType*/
CREATE TABLE ResistanceType(
	IdType INTEGER,
	IdResistance INTEGER,
	PRIMARY KEY(IdType,IdResistance),
	FOREIGN KEY(IdType) REFERENCES Types(IdType),
	FOREIGN KEY(IdResistance) REFERENCES Types(IdType));

INSERT INTO ResistanceType(IdType,IdResistance) VALUES
	(1,	7),
	(1,	12),
	(2,	3),
	(2,	4),
	(2,	5),
	(2,	9),
	(3,	3),
	(3,	5),
	(3,	6),
	(4,	4),
	(4,	15),
	(5,	5),
	(5,	6),
	(5,	7),
	(5,	9),
	(6,	6),
	(7,	1),
	(7,	9),
	(7,	13),
	(9,	3),
	(9,	4),
	(9,	9),
	(9,	13),
	(10,1),
	(10,7),
	(10,9),
	(10,10),
	(11,1),
	(11,11),
	(12,5),
	(12,8),
	(12,10),
	(12,15),
	(13,10),
	(13,12),
	(14,7),
	(14,10),
	(15,1),
	(15,7),
	(15,9);
	
/*Table Attaques*/
CREATE TABLE Attaques(
	IdCapacité INTEGER PRIMARY KEY,
	Capacité varchar(255),
	Type INTEGER, 
	Puissance INTEGER,
	Precision INTEGER,
	Catégorie varchar(255),
	FOREIGN KEY(Type) REFERENCES Types(IdType));

INSERT INTO Attaques (IdCapacité, Capacité, Type, Catégorie, Puissance, Precision) VALUES
	(1,		'Abîme', 			13, 'OHKO', 	null, 	30),
	(2,		'Acid''armure', 	10,	'Statut', 	null, 	100),
	(3,		'Acide', 			10, 'Physique',	40, 	100),
	(4,		'Adaptation',	 	8, 	'Statut',	null, 	100),
	(5,		'Affûtage', 		8, 	'Statut', 	null, 	100),
	(6,		'Amnésie', 			11,	'Statut',	null, 	100),
	(7,		'Armure', 			8, 	'Statut', 	null, 	100),
	(8,		'Balayage', 		1, 	'Physique',	50, 	90),
	(9,		'Bec Vrille',	 	15, 'Physique',	80, 	100),
	(10,	'Bélier', 			8, 	'Physique',	90, 	85),
	(11,	'Berceuse', 		8, 	'Statut', 	null, 	55),
	(12,	'Blizzard', 		6, 	'Spéciale',	120, 	90),
	(13,	'Bomb''oeuf',	 	8, 	'Physique', 100, 	75),
	(14,	'Bouclier', 		11, 'Statut', 	null, 	100),
	(15,	'Boul''armure', 	8, 	'Statut', 	null, 	100),
	(16,	'Brouillard', 		8, 	'Statut', 	null, 	100),
	(17,	'Brume', 			6, 	'Statut', 	null, 	100),
	(18,	'Buée noire',	 	6, 	'Statut', 	null, 	100),
	(19,	'Bulles d''O', 		3, 	'Spéciale', 65, 	100),
	(20,	'Cage éclair', 		4, 	'Statut', 	null, 	100),
	(21,	'Cascade', 			3, 	'Spéciale', 80, 	100),
	(22,	'Charge', 			8, 	'Physique', 35, 	85),
	(23,	'Choc mental', 		11, 'Spéciale', 50, 	100),
	(24,	'Claquoir', 		3, 	'Spéciale', 35, 	75),
	(25,	'Clonage', 			8, 	'Statut', 	null, 	100),
	(26,	'Combo-griffes', 	8, 	'Physique', 20, 	80),
	(27,	'Constriction', 	8, 	'Physique', 10, 	100),
	(28,	'Copie', 			8, 	'Statut', 	null, 	100),
	(29,	'Coud''boule', 		8, 	'Physique', 70, 	100),
	(30,	'Coud''krâne', 		8, 	'Physique', 100, 	100),
	(31,	'Coupe', 			8, 	'Physique', 50, 	95),
	(32,	'Coupe-vent',	 	8, 	'Physique', 80, 	75),
	(33,	'Croc de mort', 	8, 	'Physique', 80, 	70),
	(34,	'Croc fatal', 		8, 	'Physique', null, 	90),
	(35,	'Croissance',	 	8, 	'Statut', 	null, 	100),
	(36,	'Cru-aile', 		15, 'Physique', 35, 	100),
	(37,	'Cyclone', 			8, 	'Statut', 	null, 	85),
	(38,	'Damoclès', 		8, 	'Physique', 15, 	100),
	(39,	'Danse-Flamme', 	5, 	'Spéciale', 15, 	70),
	(40,	'Danse-Fleur', 		9, 	'Spéciale', 70, 	100),
	(41,	'Danse-Lames', 		8, 	'Statut', 	null, 	100),
	(42,	'Dard-Nuée', 		7, 	'Physique', 14, 	85),
	(43,	'Dard-Venin', 		10, 'Physique', 15, 	100),
	(44,	'Déflagration', 	5, 	'Spéciale',	120, 	85),
	(45,	'Destruction', 		8, 	'Physique',	260, 	100),
	(46,	'Détitrus', 		10, 'Physique', 65, 	100),
	(47,	'Dévorêve', 		11, 'Spéciale', 100, 	100),
	(48,	'Double-Dard', 		7, 	'Physique', 25, 	100),
	(49,	'Double-Pied', 		1, 	'Physique', 30, 	100),
	(50,	'Draco-Rage', 		2, 	'Spéciale', 40, 	100),
	(51,	'Eboulement', 		12, 'Physique', 80, 	90),
	(52,	'Eclair',	 		4, 	'Spéciale', 40, 	100),
	(53,	'E-Coque', 			8, 	'Statut', 	null, 	100),
	(54,	'Ecrasement', 		8, 	'Physique', 65, 	100),
	(55,	'Ecras''face', 		8, 	'Physique', 40, 	100),
	(56,	'Ecume', 			3, 	'Spéciale', 20, 	100),
	(57,	'Empal''korne', 	8, 	'OHKO', 	null, 	30),
	(58,	'Entrave', 			8, 	'Statut', 	null, 	55),
	(59,	'Etreinte', 		8, 	'Physique', 15, 	75),
	(60,	'Explosion', 		8, 	'Physique',	340,	100),
	(61,	'Fatal-Foudre', 	4, 	'Spéciale', 120, 	70),
	(62,	'Flammèches',	 	5, 	'Spéciale', 40, 	100),
	(63,	'Flash', 			8, 	'Statut', 	null, 	70),
	(64,	'Force', 			8, 	'Physique', 80, 	100),
	(65,	'Force-Poigne', 	8, 	'Physique', 55, 	100),
	(66,	'Fouet Lianes', 	9, 	'Spéciale', 35, 	100),
	(67,	'Frappe-Atlas', 	1, 	'Physique', 0, 		100),
	(68,	'Frénésie', 		8, 	'Physique', 20, 	100),
	(69,	'Furie', 			8, 	'Physique', 15, 	85),
	(70,	'Gaz Toxik', 		10, 'Statut', 	null, 	55),
	(71,	'Griffe',	 		8, 	'Physique', 40, 	100),
	(72,	'Grincement', 		8, 	'Statut', 	null, 	85),
	(73,	'Grobisou', 		8, 	'Statut', 	null, 	75),
	(74,	'Gros''yeux',	 	8, 	'Statut', 	null, 	100),
	(75,	'Guillotine', 		8, 	'OHKO', 	null, 	30),
	(76,	'Hâte', 			11, 'Statut', 	null, 	100),
	(77,	'Hurlement', 		8, 	'Statut', 	null, 	100),
	(78,	'Hydrocanon',	 	3, 	'Spéciale',	120, 	80),
	(79,	'Hypnose', 			11, 'Statut',	null, 	60),
	(80,	'Intimidation', 	8, 	'Statut', 	null, 	75),
	(81,	'Jackpot', 			8, 	'Physique', 40, 	100),
	(82,	'Jet de sable', 	8, 	'Statut', 	null, 	100),
	(83,	'Jet de pierres',	12, 'Physique', 50, 	75),
	(84,	'Koud''korne', 		8, 	'Physique', 65, 	100),
	(85,	'Lance-Flamme', 	5, 	'Spéciale', 95, 	100),
	(86,	'Lance-Soleil', 	9, 	'Spéciale', 120, 	100),
	(87,	'Laser-Glace', 		6, 	'Spéciale', 95, 	100),
	(88,	'Léchouille', 		14, 'Physique', 20, 	100),
	(89,	'Ligotage', 		8, 	'Physique', 15, 	85),
	(90,	'Liliput', 			8, 	'Statut', 	null, 	100),
	(91,	'Lutte', 			8, 	'Physique',	100, 	100),
	(92,	'Mania', 			8, 	'Physique', 90, 	100),
	(93,	'Massd''os', 		13, 'Physique', 65, 	85),
	(94,	'Mawashi Geri', 	1, 	'Physique', 60, 	80),
	(95,	'Mega-Sangsue', 	9, 	'Spéciale', 40, 	100),
	(96,	'Météores', 		8, 	'Physique', 60, 	100),
	(97,	'Métronome', 		8, 	'Statut', 	null, 	100),
	(98,	'Mimique', 			15, 'Statut', 	null, 	100),
	(99,	'Mimi-Queue', 		8, 	'Statut', 	null, 	100),
	(100,	'Morphing', 		8, 	'Statut', 	null, 	100),
	(101,	'Morsure', 			8, 	'Physique', 60, 	100),
	(102,	'Mur Lumière', 		11, 'Statut', 	null, 	100),
	(103,	'Onde Boréale', 	6, 	'Spéciale', 65, 	100),
	(104,	'Onde Folie', 		14, 'Statut', 	null, 	100),
	(105,	'Osmerang', 		13, 'Physique', 50, 	90),
	(106,	'Paraspore', 		9, 	'Statut', 	null, 	75),
	(107,	'Patience', 		8, 	'Physique', null, 	100),
	(108,	'Picanon', 			8, 	'Physique', 20, 	100),
	(109,	'Picpic', 			15, 'Physique', 35, 	100),
	(110,	'Pied Sauté', 		1, 	'Physique', 70, 	95),
	(111,	'Pied Voltige', 	1, 	'Physique', 85, 	90),
	(112,	'Pilonnage', 		8, 	'Physique', 15, 	85),
	(113,	'Pince-Masse', 		3, 	'Spéciale', 90, 	85),
	(114,	'Piqué', 			15, 'Physique',	140, 	90),
	(115,	'Pistolet à O', 	3, 	'Spéciale', 40, 	100),
	(116,	'Plaquage', 		8, 	'Physique', 85, 	100),
	(117,	'Poing Comète', 	8, 	'Physique', 18, 	85),
	(118,	'Poing de Feu', 	5, 	'Spéciale', 75, 	100),
	(119,	'Poing Karaté', 	1, 	'Physique', 50, 	100),
	(120,	'Poing Eclair', 	4, 	'Spéciale', 75, 	100),
	(121,	'Poing Glace', 		6, 	'Spéciale', 75, 	100),
	(122,	'Poudre Dodo', 		9, 	'Statut', 	null, 	75),
	(123,	'Poudre Toxik', 	10, 'Statut', 	null, 	75),
	(124,	'Protection', 		11, 'Statut', 	null, 	100),
	(125,	'Psyko', 			11, 'Spéciale', 90, 	100),
	(126,	'Puissance', 		8, 	'Statut', 	null, 	100),
	(127,	'Purédpois', 		10, 'Physique', 20, 	70),
	(128,	'Rafale Psy', 		11, 'Spéciale', 65, 	100),
	(129,	'Reflet', 			8, 	'Statut', 	null, 	100),
	(130,	'Repli', 			3, 	'Statut', 	null, 	100),
	(131,	'Repos', 			11, 'Statut', 	null, 	100),
	(132,	'Riposte', 			1, 	'Physique', null, 	100),
	(133,	'Rugissement', 		8, 	'Statut', 	null, 	100),
	(134,	'Sacrifice', 		1, 	'Physique', 80, 	80),
	(135,	'Sécrétion', 		7, 	'Statut', 	null, 	95),
	(136,	'Séisme', 			13, 'Physique', 100, 	100),
	(137,	'Soin', 			8, 	'Statut', 	null, 	100),
	(138,	'Sonicboom', 		8, 	'Physique', 20, 	100),
	(139,	'Souplesse', 		8, 	'Physique', 80, 	75),
	(140,	'Spore', 			9, 	'Statut',	null, 	100),
	(141,	'Surf', 			3, 	'Spéciale', 95, 	100),
	(142,	'Télékinésie', 		11, 'Statut', 	null, 	75),
	(143,	'Téléport', 		11, 'Statut', 	null, 	100),
	(144,	'Ténèbres', 		14, 'Physique', 0, 		100),
	(145,	'Tonnerre', 		4, 	'Spéciale', 95, 	100),
	(146,	'Torgnoles', 		8, 	'Physique', 15, 	85),
	(147,	'Tornade', 			15, 'Physique', 40, 	100),
	(148,	'Toxik', 			10, 'Statut', 	null, 	85),
	(149,	'Tranche', 			8, 	'Physique', 70, 	100),
	(150,	'Tranch''herbe', 	9, 	'Spéciale', 55, 	95),
	(151,	'Trempette', 		3, 	'Statut', 	null, 	100),
	(152,	'Triplattaque', 	8, 	'Physique', 80, 	100),
	(153,	'Tunnel', 			13, 'Physique', 100, 	100),
	(154,	'Ultimapoing', 		8, 	'Physique', 80, 	85),
	(155,	'Ultimawashi', 		8, 	'Physique',	120, 	75),
	(156,	'Ultralaser', 		8, 	'Physique',	120, 	90),
	(157,	'Ultrason', 		8, 	'Statut', 	null, 	55),
	(158,	'Uppercut', 		8, 	'Physique', 70, 	100),
	(159,	'Vague Psy', 		11, 'Spéciale', null, 	80),
	(160,	'Vampigraine', 		9, 	'Statut', 	null, 	90),
	(161,	'Vampirisme', 		7, 	'Physique', 20, 	100),
	(162,	'Vive Attaque', 	8, 	'Physique', 40, 	100),
	(163,	'Vol', 				15, 'Physique', 70, 	95),
	(164,	'Vol-vie', 			9, 	'Spéciale', 20, 	100),
	(165,	'Yoga', 			11, 'Statut', 	null, 	100);

/*Table MethodesApprentissage*/
CREATE TABLE MethodesApprentissage(
	IdMethode INTEGER PRIMARY KEY,
	Methode varchar(64));

INSERT INTO MethodesApprentissage(Methode) VALUES
	('Base'),
	('Montée de niveau'),
	('CT/CS');

/*Table CapacitéPokémon*/
CREATE TABLE CapacitePokemon(
	NumPokedex INTEGER,
	IdCapacité INTEGER,
	Methode INTEGER,
	Niveau INTEGER,
	PRIMARY KEY(NumPokedex,IdCapacité),
	FOREIGN KEY(NumPokedex) REFERENCES Pokemon(NumPokedex),
	FOREIGN KEY(IdCapacité) REFERENCES Attaques(IdCapacité),
	FOREIGN KEY(Methode) REFERENCES MethodesApprentissage(IdMethode));

/*Remplissage de la table avec Python*/

/*Table MethodesEvo*/
CREATE TABLE MethodesEvo(
	IdMethode INTEGER PRIMARY KEY,
	Description varchar(255);

INSERT INTO MethodesEvo (Description) VALUES
	("Niveau"),
	("Echange"),
	("Pierre Feu"),
	("Pierre PLante"),
	("Pierre Eau"),
	("Pierre Foudre"),
	("Pierre Lune");
/*Table Evolution*/
CREATE TABLE Evolution(
	NumBase INTEGER,
	NumEvolution INTEGER,
	Niveau INTEGER,
	Methode INTEGER,
	PRIMARY KEY(NumBase,NumEvolution),
	FOREIGN KEY(NumBase) REFERENCES Pokemon(NumPokedex),
	FOREIGN KEY(NumEvolution) REFERENCES Pokemon(NumPokedex)
	FOREIGN KEY(Methode) REFERENCES MethodesEvo(IdMethode));

INSERT INTO Evolution (NumBase, NumEvolution, Niveau, Methode) VALUES
	(  1,   2, 16,1),
	(  2,   3, 32,1),
	(  4,   5, 16,1),
	(  5,   6, 36,1),
	(  7,   8, 16,1),
	(  8,   9, 36,1),
	( 10,  11, 7 ,1),
	( 11,  12, 10,1),
	( 13,  14, 7 ,1),
	( 14,  15, 10,1),
	( 16,  17, 18,1),
	( 17,  18, 36,1),
	( 19,  20, 20,1),
	( 21,  22, 20,1),
	( 23,  24, 22,1),
	( 25,  26, null,6),
	( 27,  28, 22,1),
	( 29,  30, 16,1),
	( 30,  31, null,7),
	( 32,  33, 16,1),
	( 33,  34, null,7),
	( 35,  36, null,7),
	( 37,  38, null,3),
	( 39,  40, null,7),
	( 41,  42, 22,1),
	( 43,  44, 21,1),
	( 44,  45, null,4),
	( 46,  47, 24,1),
	( 48,  49, 31,1),
	( 50,  51, 26,1),
	( 52,  53, 28,1),
	( 54,  55, 33,1),
	( 56,  57, 28,1),
	( 58,  59, null,3),
	( 60,  61, 25,1),
	( 61,  62, null,5),
	( 63,  64, 16,1),
	( 64,  65, null,2),
	( 66,  67, 28,1),
	( 67,  68, null,2),
	( 69,  70, 21,1),
	( 70,  71, null,4),
	( 72,  73, 30,1),
	( 74,  75, 25,1),
	( 75,  76, null,2),
	( 77,  78, 40,1),
	( 79,  80, 37,1),
	( 81,  82, 30,1),
	( 84,  85, 31,1),
	( 86,  87, 34,1),
	( 88,  89, 38,1),
	( 90,  91, null,5),
	( 92,  93, 25,1),
	( 93,  94, null,2),
	( 96,  97, 26,1),
	( 98,  99, 28,1),
	(100, 101, 30,1),
	(102, 103, null,4),
	(104, 105, 28,1),
	(109, 110, 35,1),
	(111, 112, 42,1),
	(116, 117, 32,1),
	(118, 119, 33,1),
	(120, 121, null,5),
	(129, 130, 20,1),
	(133, 134, null,5),
	(133, 135, null,6),
	(133, 136, null,3),
	(138, 139, 40,1),
	(140, 141, 40,1),
	(147, 148, 30,1),
	(148, 149, 55,1);